"0","texts <- ""Candidates should have the following background, skills and characteristics: Â Experience developing analytic applications using Java/Scala and related technologies in the Spark/Hadoop ecosystem Seasoned experience with Big Data programming frameworks, such as Apache Spark and Kafka Expert-level proficiency in Scala and Java is must Experience in machine learning techniques, large scale optimization and building/supporting production ML systems is a big plus Bachelorâ€™s degree in a quantitative discipline required (masters or PhD preferred) Â  Â """
"0","grabl(texts,""Apache"", maxDist=1)"
"1","[1]"
"1"," TRUE"
"1","
"
"0","extract(texts, ""LLama"", maxDist = 1)"
"1","    "
"1"," [,1]"
"1","
[1,]"
"1"," NA  "
"1","
"
