"0","afind(""Candidates should have the following background, skills and characteristics: Â Experience developing analytic applications using Java/Scala and related technologies in the Spark/Hadoop ecosystem Seasoned experience with Big Data programming frameworks, such as Apache Spark and Kafka Expert-level proficiency in Scala and Java is must Experience in machine learning techniques, large scale optimization and building/supporting production ML systems is a big plus Bachelorâ€™s degree in a quantitative discipline required (masters or PhD preferred) Â  Â "", c(""Java"", ""Python"",""Spark""), method=c('cosine'),)"
"1","$location
"
"1","    "
"1"," [,1]"
"1"," [,2]"
"1"," [,3]"
"1","
[1,]"
"1","  130"
"1","  153"
"1","  173"
"1","
"
"1","
"
"1","$distance
"
"1","    "
"1"," [,1]"
"1","      [,2]"
"1"," [,3]"
"1","
[1,]"
"1","    0"
"1"," 0.3333333"
"1","    0"
"1","
"
"1","
"
"1","$match
"
"1","    "
"1"," [,1]  "
"1"," [,2]    "
"1"," [,3]   "
"1","
[1,]"
"1"," ""Java"""
"1"," ""techno"""
"1"," ""Spark"""
"1","
"
"1","
"
